timestamp,action,joint_positions,gripper_state,object_id,success,action
0.0,[nan],"[ 0.49542078 -0.08433763  0.23885289 -2.3044987  -0.37356687  2.071859
  0.86800873]",open,object_01,True,place
0.1,[nan],"[ 0.48572662 -0.08431487  0.23623785 -2.306624   -0.37241495  2.0687845
  0.8563188 ]",open,object_01,False,
0.2,[nan],"[ 0.4831167  -0.08454773  0.23619784 -2.3081307  -0.36987698  2.065913
  0.85255027]",open,object_01,False,
0.3,[nan],"[ 0.48330912 -0.08506607  0.23714037 -2.310269   -0.36364144  2.0590982
  0.84964794]",open,object_01,False,
0.4,[nan],"[ 0.48391998 -0.0858012   0.23875988 -2.3111877  -0.35910597  2.0544956
  0.84883595]",open,object_01,False,
0.5,[nan],"[ 0.48689616 -0.09140009  0.2439596  -2.316266   -0.34716707  2.0408154
  0.84819037]",open,object_01,False,
0.6,[nan],"[ 0.4898111  -0.10398712  0.2515222  -2.3267434  -0.33201683  2.0273154
  0.8479716 ]",open,object_01,False,
0.7,[nan],"[ 0.49028254 -0.10942521  0.2548579  -2.3310263  -0.3273703   2.0231833
  0.8479613 ]",open,object_01,False,
0.8,[nan],"[ 0.49094054 -0.13086472  0.2642215  -2.350201   -0.31336656  2.0106287
  0.84778655]",open,object_01,False,
0.9,[nan],"[ 0.49085796 -0.1567336   0.26665992 -2.3762565  -0.30661267  2.0040295
  0.8450491 ]",open,object_01,False,
1.0,[nan],"[ 0.49046224 -0.16496292  0.26661068 -2.3864663  -0.30463555  2.0034885
  0.8436283 ]",open,object_01,False,
1.1,[nan],"[ 0.4886676  -0.18792818  0.26605356 -2.4235833  -0.30086434  2.0071132
  0.841892  ]",open,object_01,False,
1.2,[nan],"[ 0.4874338  -0.19998069  0.26535264 -2.4500465  -0.29922718  2.0134747
  0.8416976 ]",open,object_01,False,
1.3,[nan],"[ 0.48591432 -0.20605445  0.26453853 -2.4691696  -0.29896566  2.021045
  0.841676  ]",open,object_01,False,
1.4,[nan],"[ 0.4801734  -0.20861149  0.26127538 -2.500152   -0.29955977  2.043116
  0.8408086 ]",open,object_01,False,
1.5,[nan],"[ 0.47370222 -0.20831999  0.25772434 -2.520004   -0.30103377  2.0614204
  0.83768237]",open,object_01,False,
1.6,[nan],"[ 0.46818537 -0.20780382  0.25428662 -2.5340812  -0.30215454  2.0748465
  0.8340156 ]",open,object_01,False,
1.7,[nan],"[ 0.4588067  -0.20610763  0.2504466  -2.5558264  -0.30591318  2.0987468
  0.8293604 ]",open,object_01,False,
1.8,[nan],"[ 0.45490414 -0.20505305  0.24933961 -2.5638285  -0.30784836  2.1081793
  0.8281423 ]",open,object_01,False,
1.9,[nan],"[ 0.43609035 -0.2003522   0.24433191 -2.59683    -0.3169334   2.1493084
  0.8211438 ]",open,object_01,False,
2.0,[nan],"[ 0.42352664 -0.20035726  0.23986354 -2.6074243  -0.32059187  2.1663046
  0.81061655]",open,object_01,False,
2.1,[nan],"[ 0.41284868 -0.2003295   0.23606193 -2.6086822  -0.3232483   2.1738586
  0.7996408 ]",open,object_01,False,
2.2,[nan],"[ 0.396892   -0.20025365  0.22970514 -2.6086628  -0.32875422  2.1849408
  0.78220874]",open,object_01,False,
2.3,[nan],"[ 0.39118624 -0.1999558   0.22683123 -2.6085317  -0.33086374  2.1896286
  0.7754052 ]",open,object_01,False,
2.4,[nan],"[ 0.3676547  -0.19616398  0.21756716 -2.6056397  -0.33325624  2.2148972
  0.74494976]",open,object_01,False,
2.5,[nan],"[ 0.3590891  -0.19027622  0.2138862  -2.6008205  -0.33421487  2.2281995
  0.73331773]",open,object_01,False,
2.6,[nan],"[ 0.35006687 -0.18214224  0.21175686 -2.5926797  -0.33464622  2.23932
  0.72228104]",open,object_01,False,
2.7,[nan],"[ 0.3401807  -0.17021543  0.20952752 -2.579731   -0.33503285  2.2477465
  0.7099066 ]",open,object_01,False,
2.8,[nan],"[ 0.33629873 -0.164439    0.20865817 -2.5741181  -0.33513162  2.2509196
  0.70545495]",open,object_01,False,
2.9,[nan],"[ 0.32311693 -0.14083731  0.2053471  -2.549847   -0.33595678  2.2597475
  0.68933713]",open,object_01,False,
3.0,[nan],"[ 0.3190557  -0.13199528  0.20392697 -2.5409544  -0.33650592  2.2621276
  0.6843723 ]",open,object_01,False,
3.1,[nan],"[ 0.3057092  -0.10100166  0.19889407 -2.5069225  -0.33749092  2.265253
  0.66591084]",open,object_01,False,
3.2,[nan],"[ 0.2923851  -0.06879972  0.19612288 -2.471404   -0.33801568  2.2657192
  0.64944446]",open,object_01,False,
3.3,[nan],"[ 0.28834257 -0.05854938  0.19500881 -2.4598715  -0.33835855  2.2658648
  0.64406294]",open,object_01,False,
3.4,[nan],"[ 0.27691072 -0.02558605  0.19016093 -2.4228752  -0.33900326  2.2658036
  0.62614745]",open,object_01,False,
3.5,[nan],"[ 0.27058828 -0.00413706  0.18680075 -2.397555   -0.33902007  2.2649934
  0.61445475]",open,object_01,False,
3.6,[nan],"[ 0.26588202  0.01177034  0.18475428 -2.3795507  -0.33907014  2.2648933
  0.60634595]",open,object_01,False,
3.7,[nan],"[ 0.25774217  0.03927349  0.18155311 -2.3475642  -0.33925208  2.264424
  0.59256166]",open,object_01,False,
3.8,[nan],"[ 0.25299513  0.05754548  0.17850746 -2.3257902  -0.33926946  2.2638218
  0.58317846]",open,object_01,False,
3.9,[nan],"[ 0.2499591   0.0708741   0.17599818 -2.309644   -0.33928028  2.2633386
  0.5757508 ]",open,object_01,False,
4.0,[nan],"[ 0.24680735  0.08829703  0.17220646 -2.2878993  -0.3392852   2.2629411
  0.5662613 ]",open,object_01,False,
4.1,[nan],"[ 0.24569373  0.09472456  0.17085446 -2.279943   -0.3393048   2.2626715
  0.5632745 ]",open,object_01,False,
4.2,[nan],"[ 0.24048397  0.12402339  0.16509181 -2.243015   -0.33939892  2.2615492
  0.5482082 ]",open,object_01,False,
4.3,[nan],"[ 0.2387838   0.14082094  0.16034111 -2.220775   -0.3394967   2.2610037
  0.5398274 ]",open,object_01,False,
4.4,[nan],"[ 0.23823747  0.14741509  0.15861484 -2.212215   -0.33950242  2.2605546
  0.5364677 ]",open,object_01,False,
4.5,[nan],"[ 0.23628242  0.17149784  0.15269057 -2.1804326  -0.33955434  2.2588024
  0.5255678 ]",open,object_01,False,
4.6,[nan],"[ 0.23605984  0.17894514  0.15071349 -2.1701443  -0.33957094  2.258034
  0.52270687]",open,object_01,False,
4.7,[nan],"[ 0.23502824  0.20184326  0.14542462 -2.139014   -0.33941007  2.2548373
  0.5139304 ]",open,object_01,False,
4.8,[nan],"[ 0.23420227  0.22099261  0.14169495 -2.1126876  -0.339152    2.2504551
  0.5082472 ]",open,object_01,False,
4.9,[nan],"[ 0.23415743  0.22633208  0.14047635 -2.1049862  -0.33896798  2.2490597
  0.5069192 ]",open,object_01,False,
5.0,[nan],"[ 0.23390713  0.24423496  0.13641278 -2.0801575  -0.33822423  2.2456932
  0.50244325]",close,object_01,True,grasp
5.1,[nan],"[ 0.2332684   0.2562752   0.13381614 -2.0628545  -0.33678618  2.243458
  0.49732092]",open,object_01,False,
5.2,[nan],"[ 0.23096223  0.26714328  0.13041554 -2.0476792  -0.33662504  2.241679
  0.49065638]",open,object_01,False,
5.3,[nan],"[ 0.22616902  0.2791472   0.1254008  -2.0325162  -0.33614463  2.2412121
  0.48125997]",open,object_01,False,
5.4,[nan],"[ 0.2240325   0.28435817  0.12323149 -2.0274174  -0.33605835  2.2412434
  0.4767428 ]",open,object_01,False,
5.5,[nan],"[ 0.2120598   0.31480095  0.11192975 -2.0025713  -0.33577693  2.2435327
  0.4559869 ]",open,object_01,False,
5.6,[nan],"[ 0.20488825  0.33764905  0.1034973  -1.9861956  -0.33577725  2.2479722
  0.4425819 ]",open,object_01,False,
5.7,[nan],"[ 0.20169994  0.3475805   0.10100427 -1.9788119  -0.33577272  2.249563
  0.4373779 ]",open,object_01,False,
5.8,[nan],"[ 0.18695067  0.39232457  0.09189411 -1.9390721  -0.33552992  2.2532356
  0.4141485 ]",open,object_01,False,
5.9,[nan],"[ 0.17886037  0.41113657  0.0889122  -1.9153819  -0.3339845   2.2515857
  0.4005574 ]",open,object_01,False,
6.0,[nan],"[ 0.17605667  0.41705573  0.08845323 -1.9070336  -0.33251417  2.250337
  0.39536828]",open,object_01,False,
6.1,[nan],"[ 0.1693343   0.43385506  0.08826469 -1.8812481  -0.32868826  2.2475116
  0.38238233]",open,object_01,False,
6.2,[nan],"[ 0.16843586  0.43957633  0.08825998 -1.8721988  -0.32770365  2.2471192
  0.37919304]",open,object_01,False,
6.3,[nan],"[ 0.16684875  0.4554001   0.08815838 -1.8463358  -0.3240343   2.2449331
  0.37131026]",open,object_01,False,
6.4,[nan],"[ 0.16532998  0.46822378  0.08780726 -1.8257647  -0.31976622  2.24285
  0.36437657]",open,object_01,False,
6.5,[nan],"[ 0.16389376  0.47912455  0.08707129 -1.808945   -0.31537625  2.2417479
  0.35717967]",open,object_01,False,
6.6,[nan],"[ 0.160431    0.50034225  0.08676337 -1.7760403  -0.31111234  2.2373812
  0.34710756]",open,object_01,False,
6.7,[nan],"[ 0.15846884  0.51399195  0.08670767 -1.7532458  -0.30772814  2.2320642
  0.33950108]",open,object_01,False,
6.8,[nan],"[ 0.1577084   0.52127284  0.0866823  -1.7366645  -0.30326387  2.2231095
  0.33366132]",open,object_01,False,
6.9,[nan],"[ 0.15763639  0.5215933   0.08685964 -1.7185061  -0.29488638  2.204028
  0.3256617 ]",open,object_01,False,
7.0,[nan],"[ 0.15764628  0.52098006  0.08694105 -1.7120442  -0.29219645  2.1959581
  0.32299197]",open,object_01,False,
7.1,[nan],"[ 0.15768246  0.51797295  0.08737307 -1.6792493  -0.27861804  2.1546874
  0.31010738]",open,object_01,False,
7.2,[nan],"[ 0.15769923  0.516017    0.08769219 -1.6593051  -0.27145     2.1276326
  0.30374944]",open,object_01,False,
7.3,[nan],"[ 0.15772909  0.5150617   0.08798305 -1.6503073  -0.26842391  2.1148388
  0.30120596]",open,object_01,False,
7.4,[nan],"[ 0.15787144  0.5136315   0.08831511 -1.6285393  -0.2572019   2.0824938
  0.29371706]",open,object_01,False,
7.5,[nan],"[ 0.15750194  0.51355535  0.08819931 -1.6156176  -0.25320178  2.0616822
  0.29120418]",open,object_01,False,
7.6,[nan],"[ 0.15625843  0.51350725  0.08696097 -1.6089383  -0.25254476  2.0488777
  0.2893581 ]",open,object_01,False,
7.7,[nan],"[ 0.14759271  0.51360846  0.08400422 -1.6049124  -0.25127465  2.036076
  0.27997282]",open,object_01,False,
7.8,[nan],"[ 0.13837847  0.51363724  0.08348768 -1.604628   -0.25027695  2.0306702
  0.2714296 ]",open,object_01,False,
7.9,[nan],"[ 0.13193168  0.5136382   0.08336384 -1.6045022  -0.24991353  2.0270352
  0.26626882]",open,object_01,False,
8.0,[nan],"[ 0.12419697  0.5136392   0.08317628 -1.6042913  -0.24930264  2.0230355
  0.2591735 ]",open,object_01,False,
8.1,[nan],"[ 0.1214447   0.513634    0.08316118 -1.6041813  -0.24890342  2.0214875
  0.25640252]",open,object_01,False,
8.2,[nan],"[ 0.11100338  0.513531    0.08272517 -1.6013694  -0.2474821   2.0086677
  0.2461841 ]",open,object_01,False,
8.3,[nan],"[ 0.10283065  0.5135543   0.0821455  -1.6000904  -0.24698538  2.0029912
  0.23736241]",open,object_01,False,
8.4,[nan],"[ 0.09932808  0.5135712   0.08197395 -1.5998236  -0.24676587  2.001576
  0.23408139]",open,object_01,False,
8.5,[nan],"[ 0.08568899  0.5135878   0.08149219 -1.5993025  -0.24622497  1.9974979
  0.22065707]",open,object_01,False,
8.6,[nan],"[ 0.08104432  0.51355284  0.08118874 -1.5991188  -0.24600783  1.995933
  0.21569566]",open,object_01,False,
8.7,[nan],"[ 0.06570708  0.51356596  0.08052602 -1.5983452  -0.245444    1.9904797
  0.20054488]",open,object_01,False,
8.8,[nan],"[ 0.05142481  0.5135941   0.07985365 -1.5979556  -0.24534687  1.9863224
  0.18664505]",open,object_01,False,
8.9,[nan],"[ 0.04673006  0.5135473   0.07938498 -1.59783    -0.24532577  1.9851081
  0.18135895]",open,object_01,False,
9.0,[nan],"[ 0.03088023  0.5135797   0.07847965 -1.597468   -0.24535845  1.9814605
  0.16523843]",open,object_01,False,
9.1,[nan],"[ 0.01534001  0.5135621   0.07797294 -1.5971578  -0.2450622   1.9782443
  0.14903471]",open,object_01,False,
9.2,[nan],"[ 0.01094902  0.51354414  0.0776085  -1.5969962  -0.24504529  1.9769084
  0.14413394]",open,object_01,False,
9.3,[nan],"[-0.00206905  0.5135967   0.07515697 -1.5961643  -0.24495947  1.9729154
  0.12900585]",open,object_01,False,
9.4,[nan],"[-0.01169661  0.51357186  0.07339886 -1.5958415  -0.24481305  1.9708225
  0.11713875]",open,object_01,False,
9.5,[nan],"[-0.01900543  0.51357025  0.07173257 -1.5954201  -0.24486153  1.9684391
  0.10864275]",open,object_01,False,
9.6,[nan],"[-0.02813992  0.5135836   0.06888262 -1.5949739  -0.24486671  1.9666532
  0.09620004]",open,object_01,False,
9.7,[nan],"[-0.03634618  0.51357454  0.06772881 -1.5946704  -0.24497461  1.9656634
  0.08696546]",open,object_01,False,
9.8,[nan],"[-0.05024835  0.5136276   0.06420013 -1.594073   -0.24498548  1.9639226
  0.06956341]",open,object_01,False,
9.9,[nan],"[-0.05996645  0.5136294   0.06144457 -1.5937039  -0.24481773  1.9633809
  0.05632971]",open,object_01,False,
10.0,[nan],"[-0.06726281  0.5136091   0.05832536 -1.5933483  -0.24485739  1.9625406
  0.04553793]",open,object_01,True,place
10.1,[nan],"[-0.07457471  0.51364976  0.05477352 -1.5929548  -0.2448657   1.9620563
  0.03447266]",open,object_01,False,
10.2,[nan],"[-0.07740849  0.51376     0.05391401 -1.5927136  -0.24493077  1.9619493
  0.0308737 ]",open,object_01,False,
10.3,[nan],"[-0.08762533  0.51387185  0.05001855 -1.591997   -0.24502395  1.9612447
  0.01580224]",open,object_01,False,
10.4,[nan],"[-0.09076024  0.51394427  0.04830018 -1.5916004  -0.24513188  1.9610584
  0.01104982]",open,object_01,False,
10.5,[nan],"[-0.10157752  0.51437765  0.04122169 -1.589467   -0.24526408  1.9603616
 -0.00766253]",open,object_01,False,
10.6,[nan],"[-0.1129721   0.5150966   0.03803148 -1.5875947  -0.24541189  1.9600183
 -0.02321835]",open,object_01,False,
10.7,[nan],"[-0.11987472  0.5157022   0.03471283 -1.5863996  -0.24539432  1.9599161
 -0.0339322 ]",open,object_01,False,
10.8,[nan],"[-0.12448563  0.5162196   0.03141889 -1.5854992  -0.24544258  1.9598762
 -0.04193935]",open,object_01,False,
10.9,[nan],"[-0.13104655  0.5167468   0.02718495 -1.5845836  -0.24545337  1.9598659
 -0.05302117]",open,object_01,False,
11.0,[nan],"[-0.13387713  0.51694936  0.02626549 -1.5841821  -0.24544413  1.9598707
 -0.05729151]",open,object_01,False,
11.1,[nan],"[-0.14548665  0.5188542   0.02109482 -1.5809122  -0.24580623  1.9597628
 -0.0752883 ]",open,object_01,False,
11.2,[nan],"[-0.15040687  0.5198173   0.01613319 -1.5786918  -0.24600932  1.9595342
 -0.08549717]",open,object_01,False,
11.3,[nan],"[-0.1532897   0.5202358   0.0144286  -1.5773617  -0.24605021  1.9593431
 -0.09058126]",open,object_01,False,
11.4,[nan],"[-0.16049284  0.5211999   0.00854941 -1.571429   -0.24603418  1.9558718
 -0.10547526]",open,object_01,False,
11.5,[nan],"[-0.16392471  0.5212759   0.00520235 -1.5677189  -0.246026    1.9525366
 -0.11397722]",open,object_01,False,
11.6,[nan],"[-0.1650007   0.52130216  0.00497197 -1.5667313  -0.24602093  1.9515362
 -0.11613908]",open,object_01,False,
11.7,[nan],"[-0.16632801  0.5217908   0.00484901 -1.5651104  -0.24605769  1.9492958
 -0.11942865]",open,object_01,False,
11.8,[nan],"[-0.16626823  0.5219875   0.00485553 -1.5647997  -0.24607211  1.9489341
 -0.11973338]",open,object_01,False,
11.9,[nan],"[-0.16626507  0.52270454  0.00484244 -1.5635577  -0.24607264  1.9476238
 -0.12093753]",open,object_01,False,
12.0,[nan],"[-0.16628787  0.5231419   0.00483076 -1.5625131  -0.2461077   1.9465559
 -0.12177941]",open,object_01,False,
12.1,[nan],"[-0.16624787  0.52320397  0.0048104  -1.5614191  -0.2461166   1.9458158
 -0.12212662]",open,object_01,False,
12.2,[nan],"[-0.16572824  0.52305144  0.0048644  -1.5480436  -0.24612343  1.9328744
 -0.12449304]",open,object_01,False,
12.3,[nan],"[-0.16504648  0.52228117  0.00496337 -1.5290058  -0.24606547  1.9124012
 -0.12851582]",open,object_01,False,
12.4,[nan],"[-0.16485238  0.5220272   0.00513513 -1.5198754  -0.24604528  1.9026238
 -0.1306916 ]",open,object_01,False,
12.5,[nan],"[-0.16444214  0.5203439   0.00609405 -1.4887626  -0.24567606  1.8663225
 -0.13786322]",open,object_01,False,
12.6,[nan],"[-0.16405287  0.5200253   0.00694206 -1.4663451  -0.24529617  1.8397875
 -0.1417059 ]",open,object_01,False,
12.7,[nan],"[-0.16400824  0.5200623   0.00719396 -1.462663   -0.24480255  1.8349314
 -0.14255475]",open,object_01,False,
12.8,[nan],"[-0.16398486  0.5202357   0.00742599 -1.4603881  -0.24361798  1.8308634
 -0.14394881]",open,object_01,False,
12.9,[nan],"[-0.1640564   0.52027786  0.00743745 -1.4603821  -0.24153294  1.8306652
 -0.14509349]",open,object_01,False,
13.0,[nan],"[-0.16368492  0.5202801   0.00846312 -1.4603842  -0.23677018  1.8306118
 -0.14597791]",open,object_01,False,
13.1,[nan],"[-0.16279048  0.5202774   0.01141553 -1.460381   -0.232515    1.8305193
 -0.14599164]",open,object_01,False,
13.2,[nan],"[-0.1623933   0.5202714   0.01303487 -1.46037    -0.23055233  1.8304653
 -0.1459883 ]",open,object_01,False,
13.3,[nan],"[-0.16158853  0.5202561   0.01900775 -1.4603591  -0.22309983  1.8301579
 -0.14594887]",open,object_01,False,
13.4,[nan],"[-0.16024098  0.52024984  0.02227123 -1.4603417  -0.21566121  1.8301059
 -0.14595361]",open,object_01,False,
13.5,[nan],"[-0.15947053  0.5202433   0.02552157 -1.4603072  -0.209883    1.8301004
 -0.14594772]",open,object_01,False,
13.6,[nan],"[-0.1586467   0.52016276  0.0318065  -1.4602752  -0.19886544  1.8300864
 -0.14590597]",open,object_01,False,
13.7,[nan],"[-0.15798189  0.520125    0.03342773 -1.4602271  -0.19490857  1.8300933
 -0.14590664]",open,object_01,False,
13.8,[nan],"[-0.15715034  0.519986    0.03962824 -1.4601132  -0.18293196  1.8300844
 -0.14589286]",open,object_01,False,
13.9,[nan],"[-0.15697007  0.51987994  0.04386243 -1.4599158  -0.17408572  1.8300859
 -0.14589135]",open,object_01,False,
14.0,[nan],"[-0.15696229  0.51972914  0.04540786 -1.4597306  -0.16841683  1.8301053
 -0.14602172]",open,object_01,False,
14.1,[nan],"[-0.15796812  0.5196299   0.04553054 -1.458639   -0.15616788  1.8301413
 -0.14944845]",open,object_01,False,
14.2,[nan],"[-0.15949155  0.5195561   0.04546272 -1.4578763  -0.14787093  1.8305126
 -0.15365164]",open,object_01,False,
14.3,[nan],"[-0.16111986  0.51943123  0.04532231 -1.4574766  -0.13976829  1.8309857
 -0.15755236]",open,object_01,False,
14.4,[nan],"[-0.16337647  0.51937014  0.04530254 -1.4570291  -0.1312342   1.8317599
 -0.16193101]",open,object_01,False,
14.5,[nan],"[-0.16470987  0.5193251   0.04530045 -1.4567934  -0.12661386  1.8321111
 -0.16442454]",open,object_01,False,
14.6,[nan],"[-0.16804893  0.51921505  0.04516549 -1.4561704  -0.11284669  1.8334602
 -0.17263748]",open,object_01,False,
14.7,[nan],"[-0.17106232  0.5190735   0.04480476 -1.4556234  -0.09864489  1.8345722
 -0.18031429]",open,object_01,False,
14.8,[nan],"[-0.1719663   0.51890904  0.04453171 -1.4556277  -0.09470124  1.8343086
 -0.18273588]",open,object_01,False,
14.9,[nan],"[-0.17626263  0.5179189   0.04414407 -1.4557972  -0.08090121  1.8306751
 -0.19203481]",open,object_01,False,
15.0,[nan],"[-0.18062805  0.5159771   0.04405974 -1.4572525  -0.07147477  1.8251773
 -0.19942755]",close,object_01,True,grasp
15.1,[nan],"[-0.18393265  0.5139478   0.04404449 -1.4588372  -0.06352495  1.8190783
 -0.20474418]",open,object_01,False,
15.2,[nan],"[-0.18790318  0.51023495  0.0439272  -1.461716   -0.05484504  1.8097504
 -0.21235655]",open,object_01,False,
15.3,[nan],"[-0.18987162  0.50734156  0.04392835 -1.4643673  -0.05076371  1.8056773
 -0.2161044 ]",open,object_01,False,
15.4,[nan],"[-0.19498836  0.4961223   0.04391561 -1.4762508  -0.03922379  1.7960032
 -0.22501615]",open,object_01,False,
15.5,[nan],"[-0.19885787  0.48220152  0.04387513 -1.4960432  -0.03127392  1.794662
 -0.23258755]",open,object_01,False,
15.6,[nan],"[-0.2013175   0.47141835  0.04385177 -1.5113851  -0.02505757  1.7947792
 -0.2373274 ]",open,object_01,False,
15.7,[nan],"[-0.20333652  0.46192047  0.0437486  -1.524527   -0.02015735  1.7951458
 -0.24081257]",open,object_01,False,
15.8,[nan],"[-0.20580304  0.45133644  0.04373235 -1.5387473  -0.0155847   1.7965832
 -0.24536131]",open,object_01,False,
15.9,[nan],"[-0.20662226  0.44759503  0.04373652 -1.5435984  -0.01403252  1.7975991
 -0.24713008]",open,object_01,False,
16.0,[nan],"[-0.20947662  0.43577626  0.04367781 -1.5601411  -0.00483155  1.8065507
 -0.25479883]",open,object_01,False,
16.1,[nan],"[-2.1054560e-01  4.3477991e-01  4.3616168e-02 -1.5640477e+00
 -3.0733968e-04  1.8131709e+00 -2.5809947e-01]",open,object_01,False,
16.2,[nan],"[-2.1093760e-01  4.3473020e-01  4.3607730e-02 -1.5650369e+00
  1.1671517e-03  1.8157885e+00 -2.5916162e-01]",open,object_01,False,
16.3,[nan],"[-0.21199973  0.43473488  0.04359063 -1.5674605   0.00522184  1.8239282
 -0.26237792]",open,object_01,False,
16.4,[nan],"[-0.21286634  0.43468076  0.04357066 -1.5687765   0.00801631  1.8295871
 -0.26488176]",open,object_01,False,
16.5,[nan],"[-0.21359338  0.43457928  0.04355474 -1.5695711   0.01071209  1.8335028
 -0.26747704]",open,object_01,False,
16.6,[nan],"[-0.21530098  0.4338768   0.04351635 -1.5711349   0.01674437  1.8397555
 -0.27272275]",open,object_01,False,
16.7,[nan],"[-0.21675888  0.43297234  0.04351191 -1.5728981   0.01990199  1.8458756
 -0.27631754]",open,object_01,False,
16.8,[nan],"[-0.21762227  0.43151724  0.04350341 -1.5751455   0.0212943   1.8507632
 -0.27825522]",open,object_01,False,
16.9,[nan],"[-0.2181643   0.4274163   0.04351329 -1.580538    0.02243526  1.855622
 -0.2799076 ]",open,object_01,False,
17.0,[nan],"[-0.21837507  0.4248487   0.04351492 -1.5841265   0.02274941  1.8576674
 -0.2804139 ]",open,object_01,False,
17.1,[nan],"[-0.21995082  0.40235448  0.04343453 -1.6178335   0.02301533  1.8737928
 -0.2837046 ]",open,object_01,False,
17.2,[nan],"[-0.22168443  0.38321865  0.04332939 -1.6459187   0.02308978  1.8858482
 -0.2867991 ]",open,object_01,False,
17.3,[nan],"[-0.22262515  0.37344787  0.04327807 -1.660714    0.02312322  1.893089
 -0.28867534]",open,object_01,False,
17.4,[nan],"[-0.22459428  0.34134927  0.04274504 -1.7082367   0.02316988  1.9177145
 -0.29330468]",open,object_01,False,
17.5,[nan],"[-0.22573651  0.32029858  0.04259266 -1.7403662   0.02316916  1.9369875
 -0.29560637]",open,object_01,False,
17.6,[nan],"[-0.22611652  0.31242636  0.0425261  -1.7521363   0.02316869  1.9444067
 -0.2963259 ]",open,object_01,False,
17.7,[nan],"[-0.22763531  0.2848234   0.0423764  -1.794896    0.02315058  1.9716874
 -0.29872113]",open,object_01,False,
17.8,[nan],"[-0.22808306  0.27619293  0.04228269 -1.8084335   0.02310635  1.9797995
 -0.2994256 ]",open,object_01,False,
17.9,[nan],"[-0.23062523  0.24529946  0.04192585 -1.8553      0.02297961  2.008004
 -0.3027034 ]",open,object_01,False,
18.0,[nan],"[-0.23265518  0.21097888  0.04068271 -1.9056051   0.02294322  2.0373702
 -0.30713654]",open,object_01,False,
18.1,[nan],"[-0.23310679  0.19959946  0.04008667 -1.922097    0.02294215  2.0464747
 -0.3087695 ]",open,object_01,False,
18.2,[nan],"[-0.23462325  0.15894486  0.0374287  -1.9855372   0.0229457   2.084987
 -0.314773  ]",open,object_01,False,
18.3,[nan],"[-0.23470308  0.13565375  0.03540092 -2.0308428   0.02293825  2.1194038
 -0.31780303]",open,object_01,False,
18.4,[nan],"[-0.23471484  0.12746836  0.03486939 -2.0486844   0.02292137  2.1343682
 -0.31871933]",open,object_01,False,
18.5,[nan],"[-0.23474282  0.10884043  0.03334835 -2.1066952   0.02282039  2.1934934
 -0.32159463]",open,object_01,False,
18.6,[nan],"[-0.23473041  0.10583146  0.0331193  -2.1224453   0.02279255  2.2131116
 -0.32230788]",open,object_01,False,
18.7,[nan],"[-0.23472336  0.10150311  0.03293644 -2.1611352   0.02277004  2.2730165
 -0.32398334]",open,object_01,False,
18.8,[nan],"[-0.23472266  0.0986893   0.0329187  -2.1783137   0.02274729  2.308973
 -0.32506195]",open,object_01,False,
18.9,[nan],"[-0.23471528  0.09793124  0.03293247 -2.1810312   0.02274971  2.3165803
 -0.3254224 ]",open,object_01,False,
19.0,[nan],"[-0.23471655  0.09745939  0.0329098  -2.1937644   0.02275808  2.343694
 -0.3262847 ]",open,object_01,False,
19.1,[nan],"[-0.23472361  0.09762377  0.03291265 -2.215193    0.02276281  2.3786616
 -0.3272947 ]",open,object_01,False,
19.2,[nan],"[-0.23465823  0.09666163  0.03299903 -2.22166     0.02277097  2.3899229
 -0.32743773]",open,object_01,False,
19.3,[nan],"[-0.23464777  0.08979605  0.03291455 -2.233523    0.02275585  2.4072602
 -0.3278607 ]",open,object_01,False,
19.4,[nan],"[-0.23465016  0.08545341  0.03293363 -2.2418423   0.02275482  2.4192083
 -0.32819203]",open,object_01,False,
19.5,[nan],"[-0.23464978  0.08219102  0.03292898 -2.2478304   0.0227582   2.4275517
 -0.32846472]",open,object_01,False,
19.6,[nan],"[-0.23446226  0.07945988  0.03337448 -2.2535176   0.0227766   2.4365835
 -0.32849234]",open,object_01,False,
19.7,[nan],"[-0.23393245  0.07798836  0.03472813 -2.256078    0.02314461  2.4444594
 -0.3284671 ]",open,object_01,False,
19.8,[nan],"[-0.2312178   0.07813194  0.03885721 -2.2559848   0.02477098  2.463769
 -0.32743993]",open,object_01,False,
19.9,[nan],"[-0.23034976  0.07795575  0.04181307 -2.2540126   0.02584636  2.4774776
 -0.32732528]",open,object_01,False,
20.0,[nan],"[-0.23029873  0.07761132  0.04367959 -2.2515578   0.02645219  2.4877284
 -0.32734483]",open,object_01,True,place
20.1,[nan],"[-0.23021406  0.07617979  0.04492815 -2.2482116   0.02740349  2.4967194
 -0.3274031 ]",open,object_01,False,
20.2,[nan],"[-0.23019621  0.07545072  0.0450836  -2.247972    0.02765681  2.499962
 -0.3274577 ]",open,object_01,False,
20.3,[nan],"[-0.230154    0.07616057  0.0454076  -2.2502794   0.02906431  2.5140622
 -0.32773498]",open,object_01,False,
20.4,[nan],"[-0.23013599  0.08127262  0.04554922 -2.2556176   0.029606    2.5271146
 -0.3278278 ]",open,object_01,False,
20.5,[nan],"[-0.23013413  0.08988757  0.04570691 -2.2580826   0.03002201  2.5402865
 -0.3278526 ]",open,object_01,False,
20.6,[nan],"[-0.23013093  0.10270456  0.0458436  -2.2598803   0.03036333  2.5561783
 -0.32789978]",open,object_01,False,
20.7,[nan],"[-0.23012808  0.11205074  0.04600262 -2.260607    0.03053566  2.5687032
 -0.3279162 ]",open,object_01,False,
20.8,[nan],"[-0.23013899  0.11872468  0.04612081 -2.2607403   0.0306316   2.5785203
 -0.3279137 ]",open,object_01,False,
20.9,[nan],"[-0.23012522  0.11980745  0.0461668  -2.2607455   0.03072692  2.5806315
 -0.3279173 ]",open,object_01,False,
21.0,[nan],"[-0.23015188  0.12007604  0.04625109 -2.2612329   0.03104487  2.5825887
 -0.3279266 ]",open,object_01,False,
21.1,[nan],"[-0.23031186  0.11915331  0.04616227 -2.2649763   0.03108761  2.5825963
 -0.3279254 ]",open,object_01,False,
21.2,[nan],"[-0.23054606  0.11836826  0.04583285 -2.2669556   0.03109126  2.5825922
 -0.32812238]",open,object_01,False,
21.3,[nan],"[-0.23546898  0.1084042   0.03964349 -2.2832832   0.031039    2.582547
 -0.33510232]",open,object_01,False,
21.4,[nan],"[-0.23759252  0.10253859  0.03780886 -2.2909493   0.03106087  2.5825467
 -0.3376825 ]",open,object_01,False,
21.5,[nan],"[-0.24040489  0.07660253  0.03437104 -2.3214004   0.0312783   2.5834227
 -0.3414627 ]",open,object_01,False,
21.6,[nan],"[-0.24045753  0.05288572  0.03426148 -2.3464181   0.03169565  2.5839012
 -0.34145644]",open,object_01,False,
21.7,[nan],"[-0.2405718   0.03848813  0.03353946 -2.3626015   0.03172911  2.5849588
 -0.34149912]",open,object_01,False,
21.8,[nan],"[-0.24062397  0.0292618   0.03279386 -2.3736696   0.03173359  2.5864272
 -0.34153372]",open,object_01,False,
21.9,[nan],"[-0.24072513  0.01764266  0.03116393 -2.3883564   0.03173678  2.5888066
 -0.34207565]",open,object_01,False,
22.0,[nan],"[-0.24073598  0.01358709  0.03059074 -2.3936872   0.03173882  2.5899167
 -0.3422282 ]",open,object_01,False,
22.1,[nan],"[-0.24098648 -0.0066842   0.02797364 -2.4193265   0.03174551  2.5954068
 -0.34342584]",open,object_01,False,
22.2,[nan],"[-0.24130023 -0.01892543  0.02650206 -2.4345202   0.03175314  2.5973775
 -0.3442412 ]",open,object_01,False,
22.3,[nan],"[-0.24141298 -0.02495391  0.02584892 -2.4417262   0.03175427  2.5988255
 -0.34468287]",open,object_01,False,
22.4,[nan],"[-0.24147227 -0.03775233  0.02465716 -2.4575245   0.03176044  2.6050897
 -0.34535146]",open,object_01,False,
22.5,[nan],"[-0.24147546 -0.03931963  0.02432034 -2.4611588   0.03176488  2.6102486
 -0.34553686]",open,object_01,False,
22.6,[nan],"[-0.24147788 -0.03930517  0.02417351 -2.4616294   0.03176595  2.6114519
 -0.34562135]",open,object_01,False,
22.7,[nan],"[-0.24147755 -0.03930413  0.02337248 -2.462311    0.0317704   2.6141114
 -0.34607103]",open,object_01,False,
22.8,[nan],"[-0.24147753 -0.03930267  0.02322316 -2.4624193   0.03180395  2.6144915
 -0.3461951 ]",open,object_01,False,
22.9,[nan],"[-0.24147719 -0.03929988  0.02294899 -2.4626195   0.03186094  2.6151917
 -0.3465088 ]",open,object_01,False,
23.0,[nan],"[-0.24147992 -0.03930514  0.02288833 -2.4626746   0.03188647  2.6152372
 -0.3466738 ]",open,object_01,False,
23.1,[nan],"[-0.24147263 -0.03930517  0.02288411 -2.462685    0.03189228  2.6152463
 -0.34671637]",open,object_01,False,
23.2,[nan],"[-0.2413666  -0.03930517  0.02289571 -2.462717    0.03189349  2.6152816
 -0.34695092]",open,object_01,False,
23.3,[nan],"[-0.24036796 -0.03930267  0.0234325  -2.463069    0.03193615  2.6152735
 -0.3469652 ]",open,object_01,False,
23.4,[nan],"[-0.23901328 -0.03931475  0.02447316 -2.4637046   0.03250744  2.6152585
 -0.34694904]",open,object_01,False,
23.5,[nan],"[-0.23533006 -0.03930387  0.02914363 -2.466128    0.0356247   2.6152306
 -0.34648398]",open,object_01,False,
23.6,[nan],"[-0.23384029 -0.03944546  0.03091826 -2.467183    0.03679959  2.6152163
 -0.346263  ]",open,object_01,False,
23.7,[nan],"[-0.22930945 -0.04356764  0.03628902 -2.4748085   0.03849947  2.615528
 -0.34425482]",open,object_01,False,
23.8,[nan],"[-0.22693159 -0.05215749  0.04053942 -2.4845228   0.0393997   2.6155148
 -0.3424197 ]",open,object_01,False,
23.9,[nan],"[-0.22538078 -0.06287588  0.04358731 -2.4962208   0.03999238  2.6154952
 -0.34149298]",open,object_01,False,
24.0,[nan],"[-0.22139765 -0.08842079  0.04511688 -2.5243697   0.04010663  2.6155627
 -0.34017506]",open,object_01,False,
24.1,[nan],"[-0.22087623 -0.10920869  0.04507903 -2.5462418   0.04009729  2.6156056
 -0.34035015]",open,object_01,False,
24.2,[nan],"[-0.22089864 -0.12751888  0.04502142 -2.5648944   0.0400939   2.6159852
 -0.340461  ]",open,object_01,False,
24.3,[nan],"[-0.22091715 -0.14625637  0.04486806 -2.5835416   0.04008344  2.616441
 -0.34062132]",open,object_01,False,
24.4,[nan],"[-0.2209647  -0.15995978  0.0445314  -2.5970204   0.04007625  2.617175
 -0.34073105]",open,object_01,False,
24.5,[nan],"[-0.22098492 -0.17089947  0.04441302 -2.6074388   0.04007539  2.6187558
 -0.34074676]",open,object_01,False,
24.6,[nan],"[-0.22040066 -0.17582083  0.04488661 -2.612176    0.04009761  2.6198816
 -0.3406793 ]",open,object_01,False,
24.7,[nan],"[-0.21394302 -0.17780599  0.04808958 -2.6145833   0.04051666  2.6205204
 -0.33599928]",open,object_01,False,
24.8,[nan],"[-0.20748834 -0.17781757  0.05184962 -2.6151161   0.0408111   2.620624
 -0.33018214]",open,object_01,False,
24.9,[nan],"[-0.2042753  -0.17782049  0.05426233 -2.6154022   0.0408082   2.6207771
 -0.32723743]",open,object_01,False,
25.0,[nan],"[-0.20193185 -0.17782606  0.05619007 -2.6156647   0.04080907  2.620924
 -0.32568964]",close,object_01,True,grasp
25.1,[nan],"[-0.20092618 -0.17783459  0.05656756 -2.6157413   0.04081354  2.6209757
 -0.3254078 ]",open,object_01,False,
25.2,[nan],"[-0.19070199 -0.17785905  0.06035147 -2.616148    0.0408325   2.621201
 -0.31644887]",open,object_01,False,
25.3,[nan],"[-0.18332256 -0.17786226  0.0641275  -2.6162963   0.04083628  2.6213741
 -0.30844247]",open,object_01,False,
25.4,[nan],"[-0.18087187 -0.17791435  0.06585865 -2.6164227   0.04083859  2.621418
 -0.30552757]",open,object_01,False,
25.5,[nan],"[-0.16766945 -0.17832065  0.07603331 -2.617086    0.04084611  2.6216211
 -0.28688827]",open,object_01,False,
25.6,[nan],"[-0.1586173  -0.17854904  0.08285123 -2.617501    0.04080907  2.6217167
 -0.27292177]",open,object_01,False,
25.7,[nan],"[-0.15549943 -0.17879707  0.08534807 -2.617769    0.04081677  2.621723
 -0.2681093 ]",open,object_01,False,
25.8,[nan],"[-0.14512774 -0.17906761  0.09550001 -2.6187084   0.04079551  2.6220758
 -0.24981278]",open,object_01,False,
25.9,[nan],"[-0.141402   -0.17900254  0.09879451 -2.6188955   0.04080641  2.62275
 -0.24371298]",open,object_01,False,
26.0,[nan],"[-0.12939157 -0.17401622  0.11164924 -2.6192417   0.04080135  2.6323617
 -0.2207134 ]",open,object_01,False,
26.1,[nan],"[-0.12074252 -0.16076669  0.12428433 -2.6192062   0.04068071  2.6544917
 -0.20101759]",open,object_01,False,
26.2,[nan],"[-0.11800855 -0.15464751  0.12747294 -2.6189952   0.0406498   2.6643462
 -0.19589105]",open,object_01,False,
26.3,[nan],"[-0.11076228 -0.12777098  0.13678078 -2.612718    0.04034147  2.7012544
 -0.18082076]",open,object_01,False,
26.4,[nan],"[-0.10711548 -0.10605194  0.14291894 -2.6032062   0.04034138  2.7260344
 -0.17275393]",open,object_01,False,
26.5,[nan],"[-0.10470807 -0.08711872  0.14788723 -2.5908043   0.04035302  2.74298
 -0.16714107]",open,object_01,False,
26.6,[nan],"[-0.10156061 -0.06447918  0.15423821 -2.5691843   0.04018875  2.7541642
 -0.15878761]",open,object_01,False,
26.7,[nan],"[-0.09976152 -0.04637391  0.15920876 -2.5500379   0.04005516  2.7589536
 -0.15364417]",open,object_01,False,
26.8,[nan],"[-0.09784711 -0.01302204  0.16669269 -2.5129578   0.03984641  2.7623107
 -0.14717355]",open,object_01,False,
26.9,[nan],"[-0.09637965  0.01029681  0.17060038 -2.4876285   0.03978089  2.7637062
 -0.14337026]",open,object_01,False,
27.0,[nan],"[-0.09566113  0.02707741  0.17377084 -2.4693458   0.03965027  2.7644615
 -0.14058998]",open,object_01,False,
27.1,[nan],"[-0.0927571   0.04725671  0.17744201 -2.4462953   0.03964431  2.764991
 -0.1358706 ]",open,object_01,False,
27.2,[nan],"[-0.09144437  0.05466779  0.17808758 -2.4383478   0.03956832  2.7652278
 -0.13463262]",open,object_01,False,
27.3,[nan],"[-0.08956262  0.08705749  0.17834179 -2.4005463   0.03930489  2.7653048
 -0.13342483]",open,object_01,False,
27.4,[nan],"[-0.08961891  0.10348261  0.17821214 -2.3801231   0.03904136  2.7649558
 -0.13341744]",open,object_01,False,
27.5,[nan],"[-0.08974806  0.11992338  0.17766206 -2.3605433   0.03876184  2.7646866
 -0.13343164]",open,object_01,False,
27.6,[nan],"[-0.08985268  0.13726954  0.17703672 -2.3392377   0.03838748  2.7639768
 -0.1334367 ]",open,object_01,False,
27.7,[nan],"[-0.08998218  0.15112285  0.176345   -2.321823    0.03808986  2.7634265
 -0.13344397]",open,object_01,False,
27.8,[nan],"[-0.09009606  0.17014602  0.17560066 -2.2971318   0.03795413  2.761706
 -0.13348655]",open,object_01,False,
27.9,[nan],"[-0.09011433  0.17784978  0.17524132 -2.2872996   0.03778052  2.7603972
 -0.13349679]",open,object_01,False,
28.0,[nan],"[-0.09020624  0.21463542  0.1738578  -2.2389824   0.03716477  2.7531965
 -0.13374342]",open,object_01,False,
28.1,[nan],"[-0.09026155  0.23567824  0.17329735 -2.2101188   0.03686364  2.7476308
 -0.13380621]",open,object_01,False,
28.2,[nan],"[-0.09030661  0.24383633  0.1729927  -2.1991096   0.03681849  2.7451222
 -0.13387305]",open,object_01,False,
28.3,[nan],"[-0.09033051  0.2705222   0.17202936 -2.160313    0.03656142  2.732063
 -0.13413271]",open,object_01,False,
28.4,[nan],"[-0.09036214  0.28200012  0.17148714 -2.1427946   0.03624674  2.726608
 -0.13418762]",open,object_01,False,
28.5,[nan],"[-0.09035642  0.30762073  0.17062059 -2.1034591   0.03601281  2.7111523
 -0.13438018]",open,object_01,False,
28.6,[nan],"[-0.0903604   0.32560554  0.17018487 -2.0756485   0.03507676  2.7000096
 -0.13442998]",open,object_01,False,
28.7,[nan],"[-0.09033272  0.33987567  0.1696687  -2.0529006   0.03451379  2.6905055
 -0.13449372]",open,object_01,False,
28.8,[nan],"[-0.0903355   0.36727855  0.16886903 -2.0090487   0.03295135  2.6722105
 -0.13453273]",open,object_01,False,
28.9,[nan],"[-0.09031499  0.3874316   0.16851108 -1.9770768   0.03148422  2.6583064
 -0.13454053]",open,object_01,False,
29.0,[nan],"[-0.09029926  0.40359545  0.16820797 -1.9519063   0.03033308  2.6480784
 -0.1345417 ]",open,object_01,False,
29.1,[nan],"[-0.09022362  0.4237499   0.16813082 -1.9195359   0.02886644  2.6331768
 -0.13454257]",open,object_01,False,
29.2,[nan],"[-0.09019721  0.43133512  0.16769108 -1.9071662   0.02805833  2.627695
 -0.13453692]",open,object_01,False,
29.3,[nan],"[-0.0907092   0.46250102  0.15964803 -1.8548362   0.02224782  2.5989418
 -0.135404  ]",open,object_01,False,
29.4,[nan],"[-0.09111688  0.47548908  0.15173703 -1.8316864   0.0208137   2.582478
 -0.13821451]",open,object_01,False,
29.5,[nan],"[-0.09152879  0.4801536   0.14806041 -1.8223745   0.02049601  2.5741863
 -0.13960682]",open,object_01,False,
29.6,[nan],"[-0.09292576  0.4860962   0.13919327 -1.8069453   0.01990089  2.5555859
 -0.14215723]",open,object_01,False,
29.7,[nan],"[-0.09400714  0.48709768  0.13186766 -1.801641    0.01991141  2.5458274
 -0.14517163]",open,object_01,False,
29.8,[nan],"[-0.09572753  0.4872678   0.12640038 -1.7982002   0.01990389  2.5379975
 -0.14829119]",open,object_01,False,
29.9,[nan],"[-0.10095447  0.48740205  0.11567027 -1.7941169   0.02020811  2.528114
 -0.15803055]",open,object_01,False,
